periodo,ct,ch,bd,bnd,srv,cg,fbkf,cons,mye,x,m,pib,tiempo,lct,lch,lbd,lbnd,lsrv,lcg,lfbkf,lcons,lmye,lx,lm,lpib,cyc_ct,trend_ct,cyc_ch,trend_ch,cyc_bd,trend_bd,cyc_bnd,trend_bnd,cyc_srv,trend_srv,cyc_cg,trend_cg,cyc_fbkf,trend_fbkf,cyc_cons,trend_cons,cyc_mye,trend_mye,cyc_x,trend_x,cyc_m,trend_m,cyc_pib,trend_pib
mar.1996,13434.76,10454.74,480.60999,5280.1201,4856.8999,3124.76,3470.23,2860.3999,800.07001,5340.71,3642.3899,20073.65,1996q1,9.5056009,9.2548103,6.175056,8.5717039,8.4881554,8.0471125,8.1519766,7.9587169,6.6846991,8.5831137,8.2003956,9.9071636,-.019656099,9.5252571,-.021007389,9.2758179,-.056453854,6.2315097,-.0099582104,8.5816622,-.0275442,8.5156994,-.011888912,8.059001,-.039293915,8.1912708,-.014170631,7.9728875,-.082658619,6.7673578,-.069926701,8.6530399,-.046711531,8.2471075,-.018191136,9.925355
jun.1996,13584.22,10583.15,474.72,5309.1401,4982.8799,3140.1399,3465.1799,2854.97,799.53998,5886.9902,3657.0801,20273.369,1996q2,9.5166645,9.2670183,6.162725,8.5771856,8.5137634,8.0520229,8.1505194,7.9568167,6.6840367,8.6805,8.2044201,9.9170637,-.017373824,9.5340385,-.018257976,9.2852764,-.070781529,6.2335067,-.012078542,8.5892639,-.014697413,8.5284605,-.012052437,8.0640755,-.04577142,8.196291,-.02349996,7.9803166,-.083317839,6.7673545,.0077732168,8.6727266,-.053548511,8.2579689,-.017982848,9.9350462
sep.1996,13628.79,10610.52,472.53,5280.8301,5051.2202,3162.24,3439.8999,2851,785.34003,5964.6001,3693.98,20475.48,1996q3,9.5199394,9.2696009,6.1581011,8.5718384,8.5273848,8.0590363,8.143198,7.9554253,6.6661167,8.6935968,8.2144594,9.9269838,-.022867925,9.5428076,-.025120869,9.2947216,-.077366799,6.2354679,-.025021624,8.5968599,-.013820143,8.5412045,-.010105679,8.0691423,-.058088511,8.2012863,-.032311648,7.9877367,-.10118309,6.7672997,.0012272904,8.6923695,-.054341476,8.2688007,-.017743165,9.9447269
dic.1996,13822.35,10769.39,488.98001,5307.6201,5166.5601,3194.05,3599.2,2813.8701,905.71002,5924.1499,4010.6599,20768.949,1996q4,9.5340424,9.2844629,6.1923218,8.5768986,8.549962,8.0690451,8.188467,7.9423161,6.8087192,8.6867924,8.296711,9.9412146,-.017498577,9.5515413,-.01966658,9.3041296,-.044992678,6.2373142,-.027537258,8.6044359,-.0039433017,8.5539055,-.0051410361,8.0741863,-.017737506,8.2062044,-.052808728,7.9951248,.041629519,6.7670898,-.025137361,8.7119293,.017169639,8.279541,-.013158893,9.9543734
mar.1997,14049.59,10936.12,490.59,5449.1802,5191.3701,3263.0801,3710.8601,2964.54,902.33002,6447.9399,3897.3701,21239.93,1997q1,9.5503483,9.2998266,6.1956086,8.60322,8.5547533,8.0904264,8.2190189,7.9944773,6.8049803,8.7715158,8.2680569,9.9636383,-.0098533779,9.5602016,-.013632748,9.3134594,-.043309733,6.2389183,-.008742271,8.6119623,-.011773832,8.5665274,.011239846,8.0791864,.008063592,8.2109556,-.0079592485,8.0024366,.038423177,6.7665572,.040146556,8.731369,-.022036411,8.2900934,-.0003139303,9.9639521
jun.1997,14362.83,11200.41,523.5,5540.6899,5317.6299,3303.0601,3803.78,3079.0701,904.90997,6315.7002,4061.0801,21681.98,1997q2,9.5723991,9.3237057,6.2605371,8.619874,8.578783,8.1026049,8.2437506,8.032383,6.8078356,8.7507935,8.3092041,9.9842367,.0036579934,9.5687408,.0010468875,9.3226585,.020413583,6.2401237,.00048135078,8.6193924,-.00024973185,8.5790329,.018485937,8.0841188,.028312169,8.2154388,.022787591,8.0095949,.042274341,6.7655611,.00015902679,8.7506342,.0088332482,8.3003712,.010815299,9.9734211
sep.1997,14774,11574.91,590.17999,5695.8501,5424.3398,3311.3799,3998.46,3205.6599,966.62,6515,4244.73,22171.77,1997q3,9.6006241,9.356595,6.3804274,8.6474934,8.5986519,8.1051207,8.2936649,8.0726728,6.8738055,8.7818623,8.3534336,10.006576,.023519222,9.5771046,.024928337,9.3316669,.13968033,6.240747,.020818437,8.6266747,.0072745066,8.5913773,.016155034,8.0889654,.074106738,8.2195578,.056153223,8.0165195,.10982042,6.7639852,.012165807,8.7696962,.043159228,8.3102741,.023836702,9.9827385
dic.1997,15116.41,11888.05,635.48999,5824.6201,5537.1099,3316.27,4275.9702,3304.1499,1095.29,6749.7798,4767.6602,22643.73,1997q4,9.6235361,9.3832893,6.4543962,8.6698494,8.6192284,8.106596,8.3607664,8.1029348,6.9987745,8.8172655,8.4696112,10.027638,.038295545,9.5852404,.042866614,9.3404226,.2137778,6.2406182,.036092095,8.6337576,.01571241,8.6035156,.012875219,8.0937204,.13752952,8.223237,.079793043,8.0231419,.23703635,6.7617383,.028738754,8.7885265,.14990145,8.3197098,.035769165,9.991869
mar.1998,15314.86,12081.02,644.21002,5907.1602,5648.1602,3306.5801,4189.79,3240.96,1073.88,6716.04,4695.9102,22825.631,1998q1,9.6365786,9.3993912,6.4680247,8.6839209,8.6390848,8.1036701,8.3404055,8.0836248,6.9790335,8.812254,8.4544468,10.03564,.043467849,9.593111,.050509147,9.3488817,.22836992,6.239655,.043319862,8.6406012,.023676796,8.6154079,.005281562,8.0983887,.11396247,8.2264433,.054195341,8.0294294,.22023489,6.7587986,.0051496001,8.8071041,.1258371,8.3286095,.034847643,10.000793
jun.1998,15500.68,12251.25,659.95001,5987.5298,5717.5298,3310.1799,4383.5698,3539.95,1045.61,6977.23,4663.0498,23212.83,1998q2,9.6486387,9.4133835,6.4921641,8.6974344,8.6512918,8.1047583,8.3856192,8.1718683,6.9523559,8.8504076,8.4474249,10.052461,.047937039,9.6007013,.056356899,9.3570271,.25425741,6.2379069,.050244622,8.6471901,.024268921,8.6270227,.0017770542,8.1029816,.15638822,8.2292309,.13646808,8.0354004,.19706328,6.7552924,.024981398,8.8254261,.11042409,8.3370008,.042951345,10.009509
sep.1998,15282.34,12044.39,595.47998,5885.6802,5728.4102,3316.5,4112.48,3312.25,985.53998,6904.52,4595.0098,23056.91,1998q3,9.6344528,9.3963547,6.3893676,8.6802778,8.6531935,8.1066656,8.3217812,8.1053829,6.8931899,8.8399315,8.4327259,10.045721,.026425771,9.6080275,.031484734,9.3648701,.15380007,6.2355676,.02674325,8.6535349,.014848656,8.6383448,-.00084864377,8.1075144,.090054736,8.2317266,.064277552,8.0411053,.14170583,6.7514839,-.0035610071,8.8434925,.087737665,8.3449879,.027676491,10.018044
dic.1998,14961.1,11738.45,495.92999,5763.6201,5721.9302,3328.28,3661.77,3067.5901,815.66998,7103.79,4183.8901,22310.619,1998q4,9.6132088,9.3706255,6.2064347,8.6593208,8.6520615,8.1102114,8.2057018,8.0286474,6.70401,8.8683834,8.3389969,10.012818,-.001921543,9.6151304,-.0018353643,9.3724613,-.026554704,6.2329893,-.00035674375,8.6596775,.0026884503,8.6493731,-.0017929674,8.1120043,-.028451025,8.2341528,-.018034121,8.0466814,-.043750152,6.7477603,.0070643811,8.8613186,-.013749285,8.352746,-.013630013,10.026448
mar.1999,14950.2,11713.36,462.51001,5739.9399,5783.1099,3346.6001,3496.3,2989.1699,746.34003,7161.3599,4024.4199,22314.9,1999q1,9.6124802,9.3684855,6.1366682,8.6552038,8.6626968,8.1156998,8.159461,8.0027514,6.6151814,8.8764553,8.3001356,10.01301,-.0095913541,9.6220713,-.01138233,9.3798676,-.093952641,6.2306209,-.01047396,8.665678,.0025807344,8.6601162,-.00076780579,8.1164675,-.077328913,8.2367897,-.04955424,8.0523052,-.12941502,6.7445965,-.0024640635,8.8789196,-.060367998,8.3605032,-.021778477,10.034788
jun.1999,14892.88,11646.02,432.35001,5692.2598,5820.0698,3366.8201,3455.6499,2970.0601,729.39001,7470.1602,3981.1101,22375.789,1999q2,9.6086388,9.3627195,6.0692353,8.646863,8.6690674,8.1217241,8.1477661,7.9963374,6.5922084,8.9186716,8.2893162,10.015735,-.020270729,9.6289091,-.024438463,9.3871584,-.15965822,6.2288938,-.024730956,8.6715937,-.0015169862,8.6705847,.00080518081,8.1209192,-.092133485,8.2398996,-.061805658,8.0581427,-.15023291,6.7424412,.022360094,8.8963118,-.079164803,8.3684807,-.027389646,10.043124
sep.1999,15241.32,11956.46,445.26001,5850.1499,5965.7598,3389.6599,3482.74,3056.6399,701.65997,7370.8901,4094.24,22847.811,1999q3,9.6317654,9.3890266,6.0986586,8.6742229,8.6937914,8.1284847,8.1555748,8.0250711,6.5534492,8.9052935,8.3173361,10.036611,-.00393171,9.6356974,-.0053650541,9.394392,-.12952201,6.2281804,-.0032553193,8.6774778,.013001693,8.6807899,.0031117534,8.1253729,-.088120624,8.2436953,-.039257422,8.0643282,-.1882129,6.741662,-.008218443,8.9135122,-.059524897,8.3768606,-.014890882,10.051501
dic.1999,15626.97,12306.62,477.45999,5993.1401,6133.6699,3405.26,3703.24,3299.3401,720.09003,7636.73,4243.6201,23449.641,1999q4,9.6567535,9.4178925,6.1684804,8.6983709,8.7215481,8.1330767,8.2169638,8.1014776,6.5793762,8.9407244,8.3531723,10.062611,.014279105,9.6424742,.016278677,9.4016142,-.060274791,6.228755,.015003429,8.6833677,.030805055,8.6907434,.0032320058,8.1298447,-.031369649,8.248333,.030519592,8.0709581,-.16315606,6.7425323,.010173401,8.9305506,-.032604508,8.3857765,.002662055,10.059949
mar.2000,15635.73,12300.85,499.04999,5976.0098,6103.0498,3428.1201,3746.6699,3197.78,801.98999,7758.8101,4398.21,23671.18,2000q1,9.6573143,9.4174232,6.2127061,8.695508,8.7165442,8.1397676,8.2286224,8.0702124,6.6870961,8.956584,8.3889532,10.072014,.0080350162,9.6492796,.0085574482,9.4088659,-.018103635,6.2308097,.0062116301,8.6892967,.016080728,8.7004633,.0054166717,8.1343508,-.025292085,8.2539148,-.0078905253,8.0781031,-.058111724,6.7452078,.0091299815,8.9474545,-.0063712848,8.3953247,.003529019,10.068485
jun.2000,15656.14,12314.07,512.47998,5978.3901,6088.1699,3436.6101,3807.79,3203.8799,838.95001,7634.27,4525.6201,23723.66,2000q2,9.658618,9.418498,6.2392616,8.6959066,8.7141027,8.1422405,8.2448044,8.0721178,6.732151,8.940403,8.41751,10.074228,.0024597156,9.6561584,.0022985509,9.4161997,.0047628074,6.234499,.00059767492,8.6953087,.0041135359,8.7099895,.0033296342,8.1389112,-.015715679,8.26052,-.013735831,8.0858536,-.017591631,6.7497425,-.023849636,8.9642525,.011930375,8.4055796,-.0029029183,10.077131
sep.2000,15805.37,12445.54,513.25,6045.5698,6158.8799,3449.49,3903.6699,3253.77,876.03003,8027.7002,4493.5498,24092.779,2000q3,9.6681051,9.4291172,6.2407632,8.7070808,8.7256498,8.1459818,8.2696724,8.0875692,6.7754002,8.990653,8.4103985,10.089667,.0049421121,9.6631632,.0054452829,9.4236717,.00079738197,6.2399659,.0056275893,8.7014532,.0062810793,8.7193689,.0024350169,8.1435471,.0014568426,8.2682152,-.0067265979,8.0942955,.019245833,6.7561545,.0096688364,8.9809837,-.0062154708,8.4166136,.0037565115,10.085911
dic.2000,15878.12,12503.3,513.95001,6052.9502,6213.9302,3464.7,4070.03,3308.3899,956.92999,8017.96,4653.4102,24375.539,2000q4,9.6726971,9.4337482,6.242126,8.7083015,8.7345486,8.1503811,8.3114052,8.1042166,6.8637304,8.989439,8.4453554,10.101336,.0023503215,9.6703472,.0024066381,9.4313412,-.005231,6.2473569,.000523959,8.707778,.0058955685,8.728653,.0020980232,8.148283,.034348492,8.2770567,.00071011105,8.1035061,.099280991,6.7644496,-.0082321716,8.9976711,.016848924,8.4285069,.0064905621,10.094845
mar.2001,15951.16,12550.93,506.51001,6050.8799,6284.4502,3494.46,4071.95,3252.6599,989.21997,8340.5996,4920.9199,24545.369,2001q1,9.6772871,9.4375496,6.2275443,8.7079592,8.7458334,8.1589346,8.3118773,8.0872288,6.8969169,9.0288906,8.5012512,10.108278,-.00047863799,9.6777658,-.0017208755,9.43927,-.029274866,6.2568192,-.0063746544,8.7143335,.0079365848,8.7378969,.0057888557,8.1531458,.024777167,8.2870998,-.026329525,8.1135588,.12227024,6.7746468,.01454856,9.0143423,.059918728,8.4413328,.0043209419,10.103957
jun.2001,16097.09,12679.72,525.29999,6104.79,6331.1802,3507.26,3956.6299,3274.0601,900.70001,8590.1504,4720.7598,24783.15,2001q2,9.6863937,9.4477587,6.2639694,8.7168293,8.7532415,8.16259,8.2831478,8.0937862,6.8031721,9.0583715,8.4597254,10.117919,.00091599015,9.6854782,.00023675618,9.4475222,-.0045264759,6.268496,-.0043448778,8.7211742,.006082796,8.747159,.0044279597,8.1581621,-.015275999,8.2984238,-.03073832,8.1245241,.016345544,6.7868266,.027351394,9.0310202,.0045476709,8.4551773,.0046433313,10.113276
sep.2001,16040.58,12618.7,506.67999,6111.4199,6292.21,3517.5901,3932.75,3271.95,885.85999,8378.9902,4686.1899,24724.881,2001q3,9.6828766,9.442935,6.2278795,8.7179146,8.7470675,8.1655312,8.2770939,8.0931416,6.7865591,9.0334826,8.4523754,10.115565,-.010663636,9.6935406,-.013223317,9.4561586,-.054632876,6.2825122,-.010432258,8.7283468,-.0094348527,8.7565022,.0021682074,8.1633625,-.034027539,8.311121,-.043320451,8.1364622,-.014587251,6.8011465,-.014255363,9.0477381,-.017789934,8.4701653,-.0072649978,10.12283
dic.2001,16158.4,12717.53,510.26999,6135.2798,6369.1699,3534.99,3915.0701,3328.6299,843.84003,8521.9004,4645.9302,24879.311,2001q4,9.6901951,9.450737,6.2349401,8.7218113,8.7592249,8.1704655,8.2725887,8.1103163,6.7379627,9.050395,8.4437466,10.121792,-.01181611,9.7020111,-.014505127,9.4652424,-.06405104,6.2989912,-.014086013,8.7358971,-.0067699179,8.765995,.0016834171,8.1687822,-.052688219,8.3252773,-.039091919,8.1494083,-.079810582,6.8177733,-.014149865,9.0645447,-.04267488,8.4864216,-.010862798,10.132654
mar.2002,16325.06,12845.53,515,6182.5601,6450.4302,3575.77,4045.25,3419.71,883.02002,8429.96,4679.5098,25087.66,2002q1,9.7004566,9.4607515,6.2441669,8.7294874,8.7719021,8.1819363,8.3052988,8.137311,6.7833481,9.039547,8.4509487,10.130132,-.010485399,9.7109423,-.014076069,9.4748278,-.073853381,6.3180203,-.014377137,8.743865,-.0037955919,8.7756977,.007481874,8.1744547,-.035654318,8.3409529,-.026062613,8.1633739,-.053517532,6.8368654,-.041934691,9.0814819,-.053112224,8.5040607,-.01264572,10.142777
jun.2002,16393.35,12907.04,528.46002,6225.2798,6444.7002,3580.1599,4110.3398,3447.6001,911.44,8933.6797,4848.3398,25291.74,2002q2,9.7046309,9.4655285,6.2699671,8.7363739,8.7710133,8.1831627,8.3212614,8.1454334,6.8150258,9.0975838,8.486392,10.138233,-.015745822,9.720377,-.019431412,9.4849596,-.069680981,6.3396482,-.015904851,8.7522783,-.014654829,8.7856684,.0027466528,8.1804161,-.036918357,8.35818,-.032910828,8.1783447,-.043505788,6.8585315,-.00099626521,9.0985804,-.036780056,8.5231724,-.014987514,10.153221
sep.2002,16591.48,13089.53,550.69,6257.8301,6569.0098,3587.49,4177.04,3507.1699,924.34003,8451.1904,4942.25,25567.25,2002q3,9.7166443,9.4795675,6.311172,8.7415886,8.7901182,8.1852083,8.3373585,8.1625643,6.8290801,9.0420628,8.5055761,10.149068,-.013708298,9.7303524,-.016107854,9.4956751,-.05270464,6.3638768,-.019572491,8.7611609,-.0058426452,8.7959604,-.001499417,8.1867075,-.039605927,8.3769646,-.031725649,8.1942902,-.053766008,6.8828459,-.073782817,9.1158457,-.038233783,8.5438099,-.014930625,10.163999
dic.2002,16572.77,13076.2,556.51001,6313.7998,6479.3999,3581.5,4246.9902,3589.26,927.58002,9114,4852.4102,25938.82,2002q4,9.7155161,9.478549,6.3216853,8.750493,8.7763834,8.1835365,8.3539658,8.1857014,6.8325791,9.1175671,8.4872313,10.163496,-.025381243,9.7408972,-.028449265,9.5069981,-.068979204,6.3906646,-.02002974,8.7705231,-.03023825,8.8066216,-.0098354286,8.1933718,-.043325737,8.3972912,-.025458425,8.2111597,-.077277705,6.9098568,-.015716165,9.1332836,-.078775279,8.5660067,-.011619558,10.175116
mar.2003,16709.24,13204.36,567.78998,6317.7202,6596.9102,3584.45,4473.1499,3849.1299,940.23999,9138.71,4990.0601,26307.42,2003q1,9.7237167,9.4883022,6.3417516,8.7511139,8.7943563,8.1843605,8.4058485,8.2556028,6.8461351,9.1202745,8.5152035,10.177607,-.028313195,9.7520304,-.030640485,9.5189428,-.078185685,6.4199371,-.029248994,8.7803631,-.023336109,8.8176928,-.016089721,8.2004499,-.013272248,8.4191208,.026719617,8.2288828,-.093442716,6.9395781,-.030577274,9.1508522,-.074566625,8.5897703,-.0089607229,10.186567
jun.2003,16876.15,13359.77,571.35999,6397.8901,6674.1499,3589.1599,4553.77,3815.8401,1011.88,9230.9297,5222.2598,26585.93,2003q2,9.7336569,9.5000029,6.3480196,8.7637234,8.8059969,8.1856737,8.4237108,8.2469158,6.9195652,9.1303148,8.5606852,10.188137,-.030096646,9.7637539,-.031502232,9.5315046,-.10355774,6.4515772,-.026944485,8.7906675,-.023199486,8.829196,-.022304205,8.2079782,-.018673969,8.4423847,-.00045782741,8.2473736,-.05240972,6.9719748,-.038185529,9.1684999,-.054374408,8.6150599,-.010204769,10.198341
sep.2003,17106.77,13562.59,587.44,6492.6802,6763.7202,3611.4199,4425.77,3781.46,944.60999,9395.5303,5185.4199,26761.189,2003q3,9.7472296,9.5150709,6.3757739,8.7784309,8.8193283,8.1918564,8.3951998,8.2378654,6.8507719,9.1479893,8.553606,10.194708,-.028824011,9.7760534,-.029591704,9.5446625,-.10964445,6.4854183,-.022974981,8.8014059,-.021813637,8.8411417,-.024123976,8.2159805,-.071808174,8.4670076,-.028695766,8.2665615,-.15618351,7.0069556,-.03816947,9.1861591,-.088181227,8.6417875,-.015713787,10.210422
dic.2003,17437.449,13845.47,623.84003,6622.96,6863.7202,3653.8501,4544.27,3878.8899,971.94,9612.3096,5446,26906.41,2003q4,9.7663755,9.5357132,6.435894,8.7982979,8.8340054,8.203537,8.4216223,8.2633047,6.8792939,9.1708002,8.6026363,10.20012,-.022521202,9.7888966,-.022659637,9.5583725,-.085335188,6.5212293,-.014230561,8.8125286,-.019517811,8.8535233,-.020931948,8.2244692,-.071280614,8.4929028,-.023071075,8.286376,-.16510002,7.044394,-.032932799,9.2037334,-.067195199,8.6698313,-.022662986,10.222783
mar.2004,17791.949,14141.08,676.33002,6773.3599,6932.0801,3709.6599,4699.3901,3899.0801,1066.75,10288.85,5708.6602,27473.131,2004q1,9.7865009,9.556839,6.5166812,8.8207521,8.843915,8.2186956,8.4551878,8.2684956,6.9723721,9.2388163,8.6497393,10.220963,-.015730701,9.8022318,-.015735779,9.5725746,-.042029034,6.5587101,-.0032202958,8.8239727,-.022405447,8.8663206,-.014744311,8.2334404,-.064749576,8.5199375,-.038233723,8.3067293,-.11169546,7.0840673,.017710933,9.2211056,-.049276367,8.6990156,-.014428575,10.235392
jun.2004,18246.43,14527.64,741.52002,6889.5298,7112.6401,3771.02,4919.52,3992.7,1165.74,10493.11,6001.1001,28001.27,2004q2,9.8117247,9.5838079,6.6087022,8.8377581,8.8696289,8.2351007,8.5009661,8.292223,7.0611115,9.2584743,8.6996984,10.240005,-.0042681429,9.8159924,-.003385359,9.5871935,.011193728,6.5975084,.0020920385,8.8356657,-.0098730223,8.8795023,-.0077758823,8.242877,-.046968579,8.5479345,-.035296239,8.3275194,-.064538494,7.1256499,.020337055,9.2381372,-.029422348,8.7291212,-.0081956154,10.248201
sep.2004,18606.039,14835.1,762.45001,7007.3398,7284.3799,3817.48,5208.6699,4233.2798,1231,11019.72,6465.6499,28734.4,2004q3,9.8312416,9.6047516,6.6365371,8.8547134,8.8934879,8.2473459,8.5580797,8.3507328,7.115582,9.3074417,8.7742586,10.26585,.0011366213,9.8301048,.0026081081,9.6021433,-.00070755626,6.6372447,.0071781334,8.8475351,.00046609188,8.8930216,-.0054070526,8.2527533,-.01859775,8.5766773,.0021136184,8.3486195,-.053163234,7.168745,.052740138,9.2547016,.014361142,8.7598972,.0046967962,10.261153
dic.2004,18967.119,15161.11,821.03003,7110.29,7424.6899,3841.3301,5556.6401,4491.96,1326.53,11187.86,6734.1401,29200.539,2004q4,9.850462,9.6264887,6.7105598,8.869298,8.9125662,8.2535744,8.6227493,8.4100447,7.1903219,9.3225842,8.8149452,10.281942,.0059717307,9.8444901,.0091504678,9.6173382,.03301334,6.6775465,.0097902864,8.8595076,.0057380111,8.9068279,-.009463774,8.2630377,.01683009,8.6059189,.040163927,8.3698807,-.0225951,7.2129169,.051900622,9.2706833,.023867508,8.7910776,.0077558025,10.274186
mar.2005,19243.721,15386.67,833.19,7192.3701,7564.4702,3892.0701,5913.7202,4533.79,1563.41,10702.28,6942.3799,29233.58,2005q1,9.8649397,9.6412573,6.7252617,8.8807764,8.9312172,8.266696,8.68503,8.4193134,7.3546247,9.2782125,8.8453999,10.283073,.0058683907,9.8590717,.0085652089,9.6326923,.0072203055,6.7180414,.0092613166,8.8715153,.010347954,8.9208689,-.0070019262,8.2736979,.049628247,8.6354017,.028156672,8.3911572,.096928969,7.2576957,-.0077889613,9.2860012,.022997307,8.822403,-.0041685258,10.287242
jun.2005,19515.98,15606.13,875.84003,7257.5498,7661.1001,3944.8201,6187.7002,4624.5298,1708.0699,11103.23,7228.3999,29719.08,2005q2,9.8789892,9.6554193,6.7751837,8.8897972,8.9439106,8.280159,8.730319,8.4391298,7.4431195,9.314991,8.8857727,10.299544,.0052145268,9.8737745,.0072940192,9.6481256,.016806476,6.7583771,.0063017048,8.8834953,.0088136727,8.9350967,-.004533106,8.2846918,.065441757,8.6648769,.026804624,8.4123249,.14052171,7.302598,.01438472,9.3006067,.03214477,8.8536282,-.00072090258,10.300265
sep.2005,19918.76,15962.38,940.92999,7413.6001,7772.23,3981.6101,6391.98,4683.7002,1821.0601,11113.31,7540.73,30441.641,2005q3,9.8994169,9.67799,6.8468685,8.9110718,8.958312,8.2894411,8.7627993,8.4518433,7.507174,9.3158989,8.9280739,10.323566,.010886347,9.8885307,.014426354,9.6635637,.048662104,6.7982063,.015679024,8.8953924,.008842444,8.9494696,-.0065351143,8.2959766,.068670116,8.694129,.018561613,8.4332819,.15997398,7.3471999,.0014551518,9.3144436,.04354969,8.8845243,.010366812,10.3132
dic.2005,20280.65,16271.85,1007.04,7499.7598,7904.75,4028.55,6596,4683.8101,1969.63,11478.02,7773.98,30807.65,2005q4,9.9174223,9.6971922,6.9147706,8.9226265,8.9752188,8.3011618,8.794219,8.4518671,7.5856009,9.3481894,8.9585371,10.335518,.01414992,9.9032726,.018255105,9.678937,.077578634,6.8371921,.015471923,8.907155,.011267673,8.9639511,-.0063411435,8.3075027,.07123743,8.7229815,-.0020713117,8.4539385,.19443372,7.3911672,.020720553,9.3274689,.043655373,8.9148817,.0095300181,10.325988
mar.2006,20660.17,16578.801,1063.1,7620.3999,8022.0498,4100.3999,6568.02,4798.1499,1882.17,11432.75,8050.2798,31086.27,2006q1,9.9359627,9.7158804,6.9689445,8.9385843,8.9899492,8.31884,8.7899675,8.4759855,7.5401807,9.3442373,8.9934626,10.344522,.018022364,9.9179401,.021695415,9.6941853,.093917303,6.8750272,.019845817,8.9187384,.01143838,8.9785109,-.00038069513,8.3192205,.038665794,8.7513018,.0017661013,8.4742193,.10591683,7.4342637,.0046000695,9.3396368,.048944384,8.9445181,.0059423326,10.338579
jun.2006,20924.5,16783.1,1126.92,7748.0498,8005.8701,4163.1401,6520.1099,4932.5098,1758.88,11427.63,8123.3901,31731.561,2006q2,9.9486761,9.7281275,7.0272436,8.9551964,8.9879303,8.3340254,8.7826462,8.503603,7.4724326,9.3437891,9.0025024,10.365067,.016192643,9.9324837,.018869586,9.7092581,.11578952,6.9114542,.025084602,8.9301119,-.0051949667,8.993125,.0029511254,8.3310747,.0036449207,8.7790012,.0095556714,8.4940472,-.0039437921,7.4763765,-.0071287667,9.3509178,.029223984,8.973278,.014138696,10.350929
sep.2006,21244.99,17035.51,1163.28,7841.9502,8119.5,4233.0298,6803.5601,5053.21,1895.98,12065.57,8313.3799,32163.529,2006q3,9.9638767,9.7430553,7.0589991,8.9672432,9.0020237,8.3506737,8.825201,8.5277786,7.5474911,9.3981113,9.0256214,10.378589,.017014554,9.9468622,.018935341,9.7241201,.11272599,6.9462729,.025989197,8.9412537,-.0057542427,9.0077782,.0076657999,8.343008,.019185064,8.806016,.014432824,8.5133457,.030033857,7.517457,.036829084,9.3612823,.024583343,9.0010376,.015593121,10.362995
dic.2006,21669.01,17388.439,1205.29,7960.1299,8305.9805,4300.5098,6816.6099,5104.6201,1872.63,11790.63,8694.8203,32850.172,2006q4,9.9836388,9.7635612,7.0944757,8.9822006,9.0247307,8.3664885,8.8271179,8.5379009,7.535099,9.3750601,9.0704832,10.399713,.022591883,9.9610472,.024813978,9.7387476,.11511865,6.9793572,.030040162,8.9521608,.0022814739,9.0224495,.011520677,8.3549681,-.0051660589,8.832284,.0058563212,8.5320444,-.02235722,7.557456,.0043624686,9.370698,.042792417,9.0276909,.024965327,10.374747
mar.2007,22201.66,17795.91,1267.96,8074.4502,8528.9297,4432.0698,7296.9702,5417.02,2036.2,12340.97,8969.5303,33187.23,2007q1,10.007922,9.7867241,7.1451645,8.99646,9.051219,8.3966217,8.8952141,8.5973015,7.6188407,9.42068,9.1015882,10.409921,.032903489,9.9750185,.033596594,9.7531271,.13451493,7.0106497,.033617254,8.9628429,.014103175,9.0371161,.029716739,8.3669052,.037458699,8.8577557,.047219042,8.5500822,.022498455,7.5963421,.04152593,9.3791542,.048442494,9.0531454,.023759384,10.386161
jun.2007,22406.16,17956.02,1282.55,8099.9399,8650.0996,4477.79,7225.2002,5295.4502,2064.47,12803.12,9363.0303,33524.648,2007q2,10.017091,9.795681,7.1566057,8.9996119,9.0653257,8.4068851,8.8853302,8.5746031,7.6326289,9.4574442,9.1445246,10.420036,.028318001,9.9887724,.028417006,9.7672644,.11643996,7.0401659,.026280807,8.9733315,.013569821,9.0517559,.028107522,8.3787775,.0029531505,8.8823767,.007201375,8.5674019,-.0014410259,7.6340699,.0707995,9.3866444,.067185737,9.0773392,.022805454,10.397231
sep.2007,22501.25,18023.93,1291.01,8096.3101,8713.21,4507.4702,7218.6499,5305.1699,2052.3201,12289.26,9346.6797,33616.82,2007q3,10.021326,9.7994556,7.1631804,8.9991636,9.0725956,8.4134912,8.8844233,8.576437,7.6267262,9.416481,9.1427765,10.422782,.019001074,10.002325,.018274581,9.7811813,.095175236,7.0680051,.015486819,8.9836769,.0062390934,9.0663567,.02292872,8.3905621,-.021696001,8.9061193,-.0075372928,8.5839739,-.043882035,7.670608,.023292802,9.3931885,.042540282,9.1002359,.014818111,10.407964
dic.2007,22905.16,18409.801,1372.51,8158.0298,8936.9805,4508.1401,7791.04,5537.6699,2348.1201,12437.73,10066.51,34248.719,2007q4,10.039118,9.8206387,7.2243962,9.0067577,9.0979528,8.41364,8.9607296,8.6193295,7.7613702,9.4284897,9.2169695,10.441404,.023409072,10.015709,.025717886,9.7949209,.13005644,7.0943398,.012809994,8.993948,.017039808,9.0809126,.011386008,8.4022541,.031775471,8.9289541,.01955286,8.5997763,.055445299,7.705925,.029641878,9.3988476,.095123492,9.1218462,.023021931,10.418383
mar.2008,23149.32,18738.27,1392.4301,8244.5801,9171.4697,4389.4399,8506.5703,6032.3301,2583.99,12926.61,10546.99,34970.441,2008q1,10.049721,9.8383236,7.2388058,9.0173111,9.1238527,8.3869572,9.0485945,8.7048883,7.85709,9.4670429,9.2635956,10.462258,.02075137,10.02897,.029786982,9.8085365,.11940434,7.1194015,.013089821,9.004221,.028427856,9.0954247,-.026903575,8.4138603,.09775424,8.95084,.090108044,8.6147804,.11712947,7.7399607,.063341774,9.4037008,.12139262,9.1422033,.03374029,10.428518
jun.2008,23295.641,18805.811,1406.48,8297.75,9166.8096,4481.7002,8932.1699,6057.1099,2925.4299,12289.06,10880.41,35004.969,2008q2,10.056022,9.8419209,7.2488456,9.0237398,9.1233444,8.4077578,9.097415,8.7089882,7.9811969,9.4164648,9.2947187,10.463245,.013854757,10.042167,.019822711,9.8220978,.10534257,7.1435032,.0091569703,9.0145826,.013442392,9.1099024,-.017640742,8.4253988,.12565899,8.971756,.080018863,8.6289692,.2085066,7.7726903,.008620359,9.4078445,.13331747,9.1614017,.024828807,10.438416
sep.2008,23041.98,18519.66,1322.58,8162.0898,9125.1396,4536.0298,8945.2598,6047.8501,2943.6001,12403.48,10717.03,34719.711,2008q3,10.045074,9.8265886,7.1873398,9.0072556,9.1187887,8.4198074,9.0988789,8.7074585,7.9873886,9.4257326,9.2795897,10.455063,-.010300798,10.055374,-.009104914,9.8356934,.020307723,7.1670322,-.017870512,9.0251265,-.0055835652,9.1243725,-.017058818,8.4368658,.10713794,8.9917412,.0650746,8.6423836,.18322614,7.8041625,.014319113,9.4114132,.099978648,9.1796112,.0069179204,10.448145
dic.2008,22901.471,18427.98,1207.54,8167.7998,9183.0898,4481.4302,8662.9697,6041.5801,2709.3501,12000.47,9699.7402,34440.898,2008q4,10.038957,9.8216257,7.0963407,9.0079546,9.1251192,8.4076977,9.0668125,8.7064209,7.9044642,9.3927011,9.1798544,10.447001,-.029716482,10.068673,-.027797678,9.8494234,-.094101362,7.1904421,-.027995681,9.0359507,-.013752608,9.1388721,-.040554263,8.4482517,.05589943,9.0109129,.051306661,8.6551142,.069908448,7.8345556,-.02184834,9.4145498,-.017231133,9.1970854,-.010785075,10.457786
mar.2009,23009.51,18294.439,1088.04,8161.3701,9203.0498,4775.0601,8101.46,5947.1001,2280.4399,11868.33,8479.6699,34273.391,2009q1,10.043663,9.814352,6.9921331,9.0071678,9.1272898,8.4711618,8.9997997,8.6906586,7.7321239,9.381629,9.0454264,10.442124,-.038475532,10.082139,-.049030513,9.8633823,-.22206584,7.2141991,-.039975837,9.0471439,-.026143545,9.1534328,.011628996,8.4595327,-.029657772,9.0294571,.023367301,8.6672916,-.13203958,7.8641634,-.035773557,9.4174023,-.16871434,9.2141409,-.025300885,10.467425
jun.2009,22875.631,18059.18,1055.3199,7900.0698,9282.9404,4907.0698,7702.23,5798.0098,2047.4399,11620.27,8171.54,34073.801,2009q2,10.037827,9.8014097,6.9615993,8.9746265,9.1359339,8.4984322,8.9492655,8.6652699,7.6243453,9.3605061,9.0084124,10.436284,-.057999708,10.095827,-.076238811,9.8776484,-.27711087,7.2387104,-.084150322,9.0587769,-.032147009,9.1680813,.027771257,8.4706612,-.098328643,9.0475941,-.013808113,8.6790781,-.26897696,7.8933225,-.059603099,9.4201088,-.2226693,9.231082,-.04085993,10.477144
sep.2009,23634.869,18738.619,1095.6801,8284,9535.5,4970.6299,7581.5098,5572.79,2127.8999,11878.49,8352.4902,34481.449,2009q3,10.070478,9.8383417,6.9991307,9.0220814,9.1627769,8.511302,8.9334679,8.6256514,7.6628909,9.3824844,9.0303154,10.448176,-.039293166,10.109772,-.053926479,9.8922682,-.2651135,7.2642441,-.048814226,9.0708952,-.020045321,9.1828222,.029706685,8.481595,-.1320565,9.0655241,-.065000542,8.6906519,-.25939569,7.9222865,-.040298998,9.4227839,-.21779263,9.2481079,-.038829636,10.487006
dic.2009,23900.289,19025.18,1174.9399,8391.2998,9617.6201,4932.02,7786.4199,5454.1899,2410.97,12167.12,9433.6504,34905.578,2009q4,10.081646,9.8535185,7.0689721,9.0349503,9.1713524,8.5035038,8.9601364,8.6041393,7.7877846,9.4064922,9.1520386,10.460402,-.042322114,10.123968,-.053722262,9.9072409,-.22192423,7.2908964,-.048542701,9.0834932,-.026292752,9.1976452,.011191171,8.4923124,-.1232518,9.0833883,-.098042712,8.7021818,-.16335818,7.9511428,-.019010011,9.4255018,-.11324172,9.2652807,-.036648478,10.49705
mar.2010,24409.869,19439.939,1271.83,8571.5996,9731.6699,5031.5298,8199.5596,5512,2728.4199,11715.89,9926.7695,35018.5,2010q1,10.102743,9.8750849,7.148212,9.0562096,9.1831408,8.5234795,9.0118361,8.6146832,7.911478,9.368701,9.2029905,10.463632,-.035645209,10.138389,-.047446828,9.9225321,-.1703842,7.3185964,-.04032195,9.0965319,-.029383874,9.2125244,.020671478,8.5028076,-.089407019,9.101243,-.099113539,8.7137966,-.068336762,7.979815,-.05961629,9.4283171,-.079532295,9.2825232,-.043658745,10.507291
jun.2010,25565.689,20568.49,1545.17,9006.4902,10089.76,5027.6899,8482.2695,5597.7002,2908.9399,11754.14,10454.24,36206.828,2010q2,10.149007,9.9315157,7.3428893,9.1057005,9.2192764,8.5227156,9.0457335,8.6301107,7.975544,9.3719606,9.2547626,10.497003,-.0039708917,10.152978,-.0065572979,9.9380732,-.0042452398,7.3471346,-.0042430325,9.1099434,-.0081430115,9.2274199,.0096320715,8.5130835,-.073335901,9.1190691,-.095452175,8.725563,-.032580815,8.0081244,-.059307676,9.4312687,-.044926561,9.2996893,-.020716013,10.517718
sep.2010,26078.51,20997.67,1551.71,9146.3203,10386.14,5109.2202,8696.1504,5920.2598,2832.01,12754.09,11275.12,37056.738,2010q3,10.168867,9.9521666,7.3471127,9.1211071,9.2482271,8.5388021,9.0706358,8.6861353,7.9487419,9.4536076,9.3303537,10.520205,.0012078864,10.167659,-.0016003272,9.9537668,-.029083302,7.3761959,-.0025289301,9.1236362,.0059572081,9.2422695,.01564794,8.5231543,-.066155769,9.1367912,-.051350515,8.7374859,-.087110102,8.0358524,.019249646,9.4343576,.013770407,9.3165836,-.0080934511,10.528299
dic.2010,26671.32,21551.84,1694.63,9349.5703,10560.92,5135.9302,9255.7803,6192.21,3104.5901,12198.41,11474.14,37497.66,2010q4,10.191344,9.9782162,7.4352198,9.1430855,9.2649155,8.5440159,9.1330032,8.7310476,8.040637,9.4090605,9.3478508,10.532034,.0089909034,10.182353,.0087046092,9.969512,.02975763,7.4054623,.0055720531,9.1375132,.0079041757,9.2570114,.010974714,8.533041,-.021285158,9.1542883,-.018463183,8.7495108,-.022118419,8.0627556,-.028491059,9.4375515,.014869815,9.3329811,-.0069487281,10.538982
mar.2011,27093.051,22026.26,1808.16,9553.8301,10700.76,5075.3398,9803.2197,6252.3501,3558.1599,12572.91,12333.81,37934.762,2011q1,10.207032,9.9999905,7.5000648,9.1646976,9.2780704,8.5321484,9.1904659,8.7407131,8.1769991,9.4392996,9.4200993,10.543623,.010050783,10.196981,.014786262,9.9852037,.065468185,7.4345965,.013219123,9.1514788,.0064878995,9.2715826,-.01062687,8.5427752,.019068755,9.1713972,-.020838166,8.7615509,.088459536,8.0885391,-.0015271081,9.4408264,.071432672,9.3486662,-.0060929526,10.549716
jun.2011,27556.49,22428.65,1853.23,9710.8398,10898.48,5133.73,9714.5195,6340.3301,3398.8401,12731.36,12606.29,38479.809,2011q2,10.223993,10.018094,7.5246854,9.1809978,9.2963791,8.5435877,9.1813765,8.7546864,8.1311893,9.4518232,9.4419508,10.557889,.012522982,10.211471,.017346643,10.000748,.061403651,7.4632816,.015560229,9.1654377,.010451488,9.2859278,-.0088064019,8.5523939,-.0065654786,9.1879416,-.018822679,8.773509,.018294299,8.112895,.0076801628,9.4441433,.078516975,9.3634338,-.0025516585,10.560441
sep.2011,28008.93,22732.631,1889.49,9835.8799,11038.36,5289.3198,9800,6445.54,3385.28,12666.85,12821.28,38726.609,2011q3,10.240278,10.031557,7.5440621,9.1937923,9.3091316,8.5734453,9.1901379,8.7711439,8.1271915,9.446744,9.4588614,10.564282,.014525002,10.225753,.015504004,10.016053,.052821703,7.4912405,.014487076,9.1793051,.0091372123,9.2999945,.011516526,8.5619287,-.013620769,9.2037582,-.014128936,8.7852726,-.008376345,8.1355677,-.00071545399,9.4474592,.08174029,9.377121,-.0068124514,10.571095
dic.2011,28298,22976.711,1937.37,9934.3203,11128.24,5333.3999,10533.93,6556.6401,3965.6201,12965.6,12200.27,39568.859,2011q4,10.250546,10.042236,7.5690866,9.2037506,9.3172417,8.5817442,9.2623568,8.7882338,8.2854176,9.4700546,9.4092131,10.585797,.010775254,10.239771,.011192448,10.031044,.050852306,7.5182343,.010744857,9.1930056,.0035041936,9.3137379,.010339288,8.5714045,.04367765,9.2186794,-.0084859924,8.7967196,.12910208,8.1563158,.019315351,9.4507389,.019597357,9.389616,.0041822447,10.581615
mar.2012,28604.07,23307.529,2043.85,9924.8203,11355.18,5300.9399,10487.49,6846.0801,3661.8701,12822.82,12344.59,40382.121,2012q1,10.261304,10.056532,7.6225905,9.2027941,9.337429,8.5756397,9.2579384,8.8314314,8.2057295,9.4589815,9.4209728,10.606142,.0078296121,10.253474,.010879694,10.045652,.078532882,7.5440578,-.0036783384,9.2064724,.01031204,9.327117,-.0052154493,8.5808554,.025411688,9.2325268,.023713458,8.8077183,.030839495,8.1748896,.005035778,9.4539461,.020116549,9.400856,.014208603,10.591933
jun.2012,29222.619,23825.699,2053.22,10305.62,11485.28,5400.1201,10605.48,6982.1099,3647.8101,12742.14,12695.58,41130.621,2012q2,10.282699,10.07852,7.6271644,9.2404451,9.3488216,8.5941763,9.2691259,8.8511066,8.2018824,9.4526701,9.4490089,10.624508,.015879296,10.266819,.01870236,10.059817,.058627415,7.5685368,.020799838,9.2196455,.0087262355,9.3400955,.0038574818,8.5903187,.023973908,9.2451525,.032976363,8.8181305,.01075809,8.191124,-.004383869,9.4570541,.038215421,9.4107933,.022523085,10.601985
sep.2012,29545.57,24195.09,2105.6599,10481.5,11621.97,5344.0498,11638.75,7082.7402,4546,12144.71,13052.24,41450.262,2012q3,10.293689,10.093905,7.6523843,9.2573671,9.3606529,8.5837393,9.3620949,8.8654165,8.4220028,9.4046488,9.4767151,10.63225,.013920716,10.279768,.020419633,10.073485,.060836811,7.5915475,.02490497,9.2324619,.0080114119,9.3526411,-.016092489,8.5998316,.10567326,9.256422,.037582017,8.8278341,.21713233,8.2048702,-.055393502,9.460042,.05732432,9.4193907,.020536933,10.611712
dic.2012,30077.17,24575.26,2175.25,10615.3,11792.74,5500.3799,11906.13,7217.6802,4676.4502,13391.66,13775.6,41696.32,2012q4,10.311522,10.109495,7.6848989,9.270052,9.3752394,8.6125727,9.3848085,8.8842888,8.4502945,9.502387,9.530654,10.638168,.019229427,10.292292,.022880012,10.086616,.071897633,7.6130013,.025178196,9.244874,.010509743,9.3647299,.0031402553,8.6094322,.11859157,9.2662172,.047559854,8.836729,.2343071,8.2159872,.039500792,9.4628859,.10401872,9.4266348,.017092871,10.621076
mar.2013,30269.131,24779.631,2252.45,10577.62,11953.92,5475.3198,11277.54,7263.6401,4025.76,12668.25,13111,42050.43,2013q1,10.317883,10.117777,7.7197738,9.2664957,9.3888149,8.6080055,9.3305683,8.8906364,8.3004694,9.4468546,9.4812069,10.646625,.013511675,10.304372,.018600767,10.099176,.086925551,7.6328483,.0096492954,9.2568464,.012475865,9.376339,-.011143529,8.6191492,.056082696,9.2744856,.045901075,8.8447351,.075999729,8.2244701,-.018672248,9.4655266,.048656933,9.4325504,.01658144,10.630043
jun.2013,30665.67,25152.381,2303.04,10731.17,12120.71,5496.8999,11490.42,7337.8901,4164.2998,13516.54,13672.59,42402.43,2013q2,10.330899,10.132708,7.7419853,9.2809076,9.4026709,8.6119394,9.3492689,8.9008064,8.3343039,9.5116692,9.5231485,10.654961,.014899678,10.316,.021553986,10.111154,.090901904,7.6510835,.012545466,9.268362,.015215178,9.3874559,-.017072523,8.6290121,.068019681,9.281249,.049001083,8.8518057,.1038456,8.2304583,.043739483,9.4679298,.085925534,9.4372234,.016363449,10.638597
sep.2013,31047.631,25456.9,2373.53,10849.47,12231.68,5574.5098,11535.66,7311,4236.2002,13413.53,13350.91,42662.871,2013q3,10.343278,10.144742,7.7721338,9.2918711,9.4117842,8.6259594,9.3531981,8.8971357,8.3514223,9.5040188,9.4993401,10.661084,.016101785,10.327176,.022197779,10.122544,.10437771,7.6677561,.012461958,9.2794094,.013711007,9.3980732,-.013085023,8.6390448,.06663353,9.2865648,.039216653,8.8579187,.11728062,8.2341413,.033970043,9.4700489,.058567241,9.440773,.014354879,10.646729
dic.2013,31333.42,25680.49,2380.1001,10955.29,12344.5,5637.0098,10895.39,7281.9199,3626.26,13131.88,12656.18,42814.539,2013q4,10.352441,10.153487,7.7748981,9.3015776,9.4209661,8.6371088,9.2960949,8.8931494,8.1959572,9.4827986,9.4459009,10.664633,.014529143,10.337912,.020129196,10.133358,.091925643,7.6829724,.011594388,9.2899828,.01277146,9.4081945,-.012150283,8.6492586,.0055641737,9.2905312,.030061947,8.8630877,-.039816156,8.2357731,.010933244,9.4718657,.0025293408,9.4433718,.010191442,10.654441
mar.2014,31433.061,25680.6,2304.5601,11072.3,12312.23,5739.9102,11104.75,7216.73,3900.02,13218.98,12625,42937.328,2014q1,10.355616,10.153491,7.7426453,9.3122015,9.4183483,8.6551991,9.3151283,8.8841572,8.2687368,9.4894094,9.4434347,10.667497,.0073892321,10.348227,.0098721739,10.143619,.04574164,7.6969037,.012113417,9.3000879,.00051630737,9.4178324,-.0044613578,8.6596603,.021839628,9.2932882,.016811438,8.8673458,.033056896,8.2356796,.016027449,9.473382,-.0017933359,9.4452276,.005752462,10.661744
jun.2014,31564.529,25836.961,2247.45,11197.37,12408.9,5712.9199,10968.77,7124.5601,3856.05,13552.9,12503.94,43282.078,2014q2,10.359789,10.159561,7.7175517,9.3234339,9.4261694,8.650486,9.3028078,8.8713036,8.2573986,9.5143557,9.4337988,10.675494,.0016394079,10.35815,.0061979271,10.153363,.0077731493,7.7097788,.013699094,9.3097343,-.00083545147,9.4270048,-.019759258,8.6702452,.007825003,9.2949829,.00055538415,8.8707485,.023235289,8.2341633,.039747551,9.4746084,-.012753803,9.4465523,.0068390747,10.668655
sep.2014,31567.17,25820.33,2112.2,11216.98,12522.89,5732.9702,10493.17,6972.3301,3532.95,12946.78,11965.8,43098.961,2014q3,10.359873,10.158917,7.6554852,9.3251839,9.4353132,8.6539888,9.2584801,8.8497047,8.1698885,9.4686022,9.3898077,10.671254,-.0078420667,10.367715,-.0037163948,10.162634,-.066369437,7.7218547,.0062420554,9.3189421,-.00042004487,9.4357328,-.027018845,8.6810074,-.037290972,9.2957706,-.02365463,8.8733597,-.06165744,8.2315464,-.0069608693,9.475563,-.057746734,9.4475546,-.0039407215,10.675195
dic.2014,31982.85,26061.949,2136.1899,11324.41,12632.93,5910.98,10829.64,7088.0298,3753.5601,13219.79,12259.17,43562.09,2014q4,10.372955,10.168232,7.666779,9.3347158,9.4440622,8.6845665,9.2900419,8.8661623,8.2304602,9.4894705,9.4140291,10.681943,-.0040021627,10.376958,-.0032451886,10.171477,-.066614904,7.7333941,.0069795749,9.3277359,.000025426552,9.4440365,-.0073629352,8.6919298,-.0057743806,9.2958164,-.0090820417,8.8752441,.0022953507,8.2281647,.013179422,9.4762907,-.034405716,9.4484348,.00055433949,10.681389
mar.2015,32135.529,26199.27,2175.1599,11438.6,12613.13,5925.29,10725.23,7210.1001,3536.6899,13117.19,12269.83,43844.148,2015q1,10.377718,10.173487,7.6848574,9.3447485,9.4424934,8.686985,9.2803545,8.8832378,8.1709461,9.481679,9.4148989,10.688396,-.0081893234,10.385907,-.0064507229,10.179937,-.059760019,7.7446175,.0085993512,9.3361492,-.0094412891,9.4519348,-.015990321,8.7029753,-.014903672,9.2952585,.0067845425,8.8764534,-.053372301,8.2243185,.0048469463,9.4768324,-.034460094,9.4493589,.0011375364,10.687259
jun.2015,32395.99,26448.49,2213.53,11447.08,12815.79,5935.1899,10667.46,7360.7998,3337.74,12873.77,11801.95,44260.012,2015q2,10.38579,10.182955,7.7023439,9.3454895,9.4584332,8.6886539,9.2749529,8.903924,8.1130495,9.4629469,9.3760204,10.697837,-.0088019501,10.394592,-.0051020547,10.188057,-.053360093,7.7557039,.0012736985,9.3442154,-.0010131696,9.459446,-.025451683,8.7141056,-.019279733,9.2942324,.026893212,8.8770304,-.10725715,8.2203064,-.014287148,9.4772339,-.074450061,9.4504709,.0050080614,10.692829
sep.2015,32539.15,26477.99,2195.99,11429.61,12883.65,6051.7798,11108.76,7496.0898,3636.4199,12602.88,12339.7,44063.352,2015q3,10.3902,10.184069,7.6943884,9.3439627,9.4637146,8.7081079,9.3154888,8.9221373,8.1987553,9.4416809,9.420577,10.693383,-.012833789,10.403033,-.011804854,10.195873,-.072407268,7.7667956,-.0080143046,9.3519773,-.0028703716,9.4665852,-.017162602,8.7252703,.0226225,9.2928667,.045111693,8.8770256,-.017640807,8.2163963,-.035867371,9.4775486,-.031314485,9.4518919,-.0047387686,10.698122
dic.2015,33081.059,26755.91,2313.8601,11582.59,12877.9,6321.2002,10849.07,7322.9302,3549.45,13038.66,12370.29,44407.648,2015q4,10.406716,10.19451,7.7466726,9.3572588,9.4632683,8.7516642,9.2918348,8.8987656,8.1745481,9.4756737,9.4230528,10.701167,-.0045327204,10.411249,-.0089120045,10.203423,-.031328045,7.7780008,-.0022153908,9.3594742,-.010095151,9.4733639,.015259723,8.7364044,.00056096929,9.2912741,.022262312,8.876503,-.038238022,8.2127857,-.0021432734,9.4778166,-.030644909,9.4536982,-.0019981479,10.703165
mar.2016,33364.211,27021.461,2355.1399,11655.84,13027.73,6338.2798,10941.07,7270.6499,3680.1699,13137.51,12342.51,44841.238,2016q1,10.415239,10.204387,7.7643552,9.3635626,9.4748354,8.7543631,9.3002787,8.8916006,8.2107143,9.4832268,9.420805,10.710883,-.0040082033,10.419248,-.0063445093,10.210732,-.025027072,7.7893825,-.0031813793,9.366744,-.0049572638,9.4797926,.0069321617,8.7474308,.010694651,9.2895842,.016042992,8.8755579,.0010488953,8.2096653,.0051669218,9.4780598,-.035140023,9.455945,.0029006565,10.707982
jun.2016,33504.762,27018.34,2248.52,11628.57,13172.49,6486.6899,10590.77,7187.9199,3428.03,12800.39,12084.27,44683.398,2016q2,10.419443,10.204271,7.7180276,9.3612204,9.4858856,8.7775078,9.2677383,8.8801575,8.1397409,9.4572306,9.3996601,10.707357,-.007591763,10.427035,-.013550496,10.217822,-.082956389,7.8009839,-.012601078,9.3738213,8.3142613e-06,9.485877,.019224707,8.7582827,-.020187525,9.2879257,.005861111,8.8742962,-.067457534,8.2071981,-.021064889,9.4782953,-.059010208,9.4586706,-.0052388809,10.712596
sep.2016,34038.109,27397.891,2296.02,11754.49,13377.75,6642.5498,10378.57,7199.2002,3220.3201,12790.68,12408.61,44960.82,2016q3,10.435236,10.218222,7.7389326,9.3719902,9.5013485,8.8012514,9.2474985,8.8817253,8.0772362,9.4564724,9.4261456,10.713547,.00062131532,10.434615,-.0064906245,10.224712,-.073901191,7.8128338,-.008749553,9.3807402,.0097295754,9.4916191,.032352965,8.768898,-.038936701,9.2864351,.0088881049,8.8728371,-.12831433,8.2055502,-.022073049,9.4785452,-.035743006,9.4618883,-.0034843381,10.717031
dic.2016,34350.57,27757.449,2469.1101,11914.01,13386.84,6591.0801,10481.93,7085.7798,3418.1001,13096.69,12587.97,44931.969,2016q4,10.444374,10.231259,7.8116131,9.3854704,9.5020275,8.7934723,9.2574081,8.8658457,8.1368399,9.4801149,9.4404964,10.712905,.0023884601,10.441986,-.00015288219,10.231412,-.013294726,7.8249078,-.0020538031,9.3875246,.0050084521,9.4970188,.014245782,8.7792263,-.027827071,9.2852354,-.0054558632,8.8713017,-.068004765,8.2048445,.0012965875,9.4788179,-.025081307,9.4655781,-.0084031168,10.721308
mar.2017,34755.371,28078.609,2584.02,12065.22,13434.2,6675.0801,10197.16,6775.8198,3432.4199,12377.96,12861.4,44644.48,2017q1,10.456089,10.242764,7.8571014,9.3980818,9.505559,8.8061361,9.2298641,8.8211155,8.1410208,9.4236727,9.4619856,10.706486,.0069420682,10.449147,.004836367,10.237927,.019965529,7.8371358,.0038872296,9.3941946,.0034736074,9.5020857,.016899161,8.789237,-.054560579,9.2844248,-.048700821,8.8698168,-.06410294,8.2051239,-.05543622,9.4791088,-.0077079958,9.4696932,-.018960383,10.725446
jun.2017,34919.719,28138.4,2556.79,12122.46,13467.12,6782.0801,10163.6,6689.8198,3479.0801,12550.82,12952.07,45239.18,2017q2,10.460807,10.24489,7.846508,9.4028149,9.5080061,8.8220396,9.2265682,8.808342,8.1545229,9.437541,9.4690113,10.719719,.0047075409,10.4561,.00062772585,10.244263,-.0029316817,7.8494396,.002045519,9.4007692,.0011775061,9.5068283,.023131154,8.7989082,-.057516899,9.2840853,-.060163073,8.8685055,-.051865257,8.2063885,-.041871618,9.479413,-.0051647611,9.4741764,-.0097401291,10.729459
sep.2017,35193.039,28321.5,2603,12179.32,13544.3,6873.5601,10111.64,6604.5498,3507.76,13277.23,12751.98,46089.078,2017q3,10.468603,10.251376,7.8644199,9.4074945,9.5137215,8.8354378,9.2214422,8.7955141,8.1627331,9.4938059,9.4534416,10.738331,.0057554441,10.462848,.00094946992,10.250426,.0026666611,7.8617535,.00022501407,9.4072695,.0024597794,9.5112619,.027207647,8.8082304,-.062821582,9.2842636,-.071946748,8.8674612,-.045865174,8.2085981,.014115452,9.4796906,-.025518779,9.47896,.0049821245,10.733349
dic.2017,35812.871,28812.02,2734.6499,12335.11,13738.84,7003.1802,10659.24,6951.6401,3707.3601,13486.35,13403.66,46408.07,2017q4,10.486063,10.268548,7.9137588,9.4202051,9.5279818,8.8541193,9.2741823,8.8467331,8.2180758,9.5094337,9.5032835,10.745229,.016662955,10.4694,.012119433,10.256429,.039749894,7.8740087,.0064877844,9.4137173,.012583434,9.515398,.036913659,8.8172054,-.010789832,9.2849722,-.020006113,8.8667393,.0063938308,8.2116823,.029556707,9.4798775,.019304955,9.4839783,.00811789,10.737111
mar.2018,36087.641,29136.369,2738.25,12486.23,13913.32,6950.8701,10817.45,7081.5601,3739.4399,13495.81,13640.29,46974.551,2018q1,10.493706,10.279742,7.9150743,9.4323816,9.5406017,8.8466225,9.2889156,8.8652496,8.2266912,9.5101347,9.5207834,10.757361,.01793783,10.475768,.01746463,10.262278,.028933974,7.8861403,.012246514,9.4201355,.021348014,9.5192537,.020766838,8.8258553,.0027333477,9.2861824,-.0011010072,8.8663502,.011152851,8.215538,.030218706,9.4799156,.031636901,9.4891462,.01661697,10.740745
jun.2018,36418.359,29413.311,2845.1299,12492.92,14072.25,7004.4302,11017.22,7020.5,3993.6799,13517.47,14329.14,47477.969,2018q2,10.502829,10.289203,7.9533639,9.4329176,9.55196,8.8542976,9.3072147,8.8565893,8.2924681,9.5117378,9.5700502,10.768021,.020855336,10.481974,.021211902,10.267991,.055257328,7.8981066,.0063682869,9.426549,.029109055,9.522851,.020073835,8.8342237,.019355142,9.2878599,-.0097038634,8.866293,.072397165,8.2200708,.031968515,9.4797697,.075657822,9.4943924,.023767246,10.744253
sep.2018,36408.801,29343.619,2741.97,12399.23,14203.52,7065.8999,10764.08,6926.48,3836.97,13589.58,14091.96,47333.871,2018q3,10.502565,10.28683,7.9164319,9.4253893,9.561245,8.8630352,9.2839699,8.8431072,8.2524385,9.5170584,9.55336,10.764981,.014516141,10.48805,.013233911,10.273596,.0065476163,7.9098845,-.007604694,9.4329939,.03501856,9.526226,.020668345,8.8423672,-.0060012881,9.2899714,-.023456935,8.8665638,.027248895,8.2251892,.037640482,9.4794178,.053695902,9.4996643,.017329209,10.747652
dic.2018,36949.539,29799.311,2792.8701,12546.86,14460.04,7150.5298,11129.47,7183.9399,3945.6499,13599.33,14210.32,47914.73,2018q4,10.517308,10.30224,7.9348249,9.4372253,9.5791445,8.8749418,9.3173513,8.8796034,8.2803688,9.5177755,9.5617237,10.777178,.023266176,10.494042,.023105834,10.279135,.013340041,7.9214849,-.0022818588,9.4395075,.049709745,9.5294352,.024587801,8.8503542,.024855146,9.2924957,.012448543,8.8671551,.049518719,8.2308502,.038912911,9.4788628,.056767046,9.5049562,.026208127,10.75097
mar.2019,37012.148,29828.289,2745.1399,12421.66,14661.48,7183.8599,11247.71,7327.8198,3919.8899,13199.01,14030.04,47734.82,2019q1,10.519001,10.303212,7.9175873,9.4271975,9.5929794,8.8795919,9.32792,8.8994331,8.273819,9.4878969,9.5489559,10.773417,.018994017,10.500007,.01855642,10.284656,-.015336601,7.9329238,-.018924806,9.4461222,.06042701,9.5325527,.021324476,8.8582678,.032509841,9.2954102,.031391289,8.868042,.036794279,8.2370243,.0097689964,9.4781275,.038657054,9.5102987,.019170221,10.754247
jun.2019,37362.711,30163.9,2797.78,12595.04,14771.08,7198.8101,11422.4,7474.7798,3947.6201,13085.89,13904.05,48364.988,2019q2,10.528428,10.314401,7.9365816,9.4410582,9.6004267,8.881671,9.3433313,8.9192896,8.2808685,9.47929,9.5399351,10.786531,.02241423,10.506014,.024177119,10.290223,-.0076434175,7.9442248,-.01181289,9.4528713,.064739637,9.5356874,.015466253,8.8662043,.044627424,9.2987041,.050080035,8.8692093,.037151631,8.2437172,.0020274932,9.4772625,.024180252,9.5157547,.028993122,10.757539
sep.2019,37229.512,29989.17,2652.1699,12585.67,14751.32,7240.3398,11421.82,7405.2598,4016.5601,13580.16,13809.77,48279.23,2019q3,10.524858,10.308592,7.8831334,9.4403143,9.5990877,8.8874235,9.3432808,8.9099455,8.2981815,9.5163651,9.5331316,10.784757,.0127132,10.512144,.012678389,10.295914,-.072269157,7.9554024,-.019459315,9.459774,.060103808,9.5389843,.01314694,8.8742762,.04089193,9.3023891,.03928351,8.8706617,.0472284,8.2509527,.040043812,9.4763212,.011718598,9.5214128,.023842491,10.760914
dic.2019,35194.422,28498.609,2394.05,12218.22,13886.35,6695.8101,11522.82,7461.8799,4060.9399,12839.56,13443.2,46364.129,2019q4,10.468643,10.25761,7.7807417,9.4106836,9.538662,8.8092375,9.3520851,8.9175625,8.3091698,9.4602861,9.5062284,10.744282,-.049850915,10.518494,-.044205729,10.301816,-.18572424,7.966466,-.056158975,9.4668427,-.003966881,9.5426292,-.073366135,8.8826036,.045580953,9.3065042,.045128062,8.8724346,.050386727,8.2587833,-.015074058,9.4753599,-.021148294,9.5273771,-.020178588,10.764461
mar.2020,36054.809,29058.619,2436.3799,12634.76,13982.25,6994.8198,11309.45,7759.4902,3567.5801,13264.95,12805.62,47350.871,2020q1,10.492796,10.27707,7.7982688,9.4442072,9.5455437,8.8529253,9.3333941,8.9566717,8.1796427,9.4928808,9.4576397,10.765341,-.032370888,10.525167,-.030959826,10.30803,-.1791106,7.9773793,-.029871361,9.4740782,-.0013015135,9.5468454,-.038389243,8.8913145,.022279507,9.3111143,.082084961,8.8745871,-.087643117,8.2672853,.0184203,9.4744606,-.076117165,9.5337572,-.0029375099,10.768278
jun.2020,29972.471,23393.539,1863.36,10877.96,10646.98,6552.2402,9250.1602,6317.2598,2946.02,13461.85,11202.18,41391.32,2020q2,10.308035,10.060215,7.5301366,9.2944937,9.2730312,8.7875624,9.1323957,8.7510405,7.9882102,9.5076151,9.323864,10.630827,-.2242001,10.532235,-.2544108,10.314626,-.45785457,7.9879913,-.18695317,9.4814472,-.2788226,9.5518541,-.11292988,8.9004927,-.18391749,9.3163128,-.12616658,8.8772068,-.28836185,8.2765722,.033921167,9.4736938,-.21678694,9.5406513,-.1416299,10.772457
sep.2020,33858.289,27178.189,3225.3101,12546.14,11447.92,6675.1299,9517.7695,5808.71,3692.3701,12414.25,11631.18,43452.59,2020q3,10.429939,10.21017,8.078784,9.4371681,9.3455629,8.8061438,9.1609154,8.6671143,8.2140236,9.4266005,9.3614445,10.679426,-.10981158,10.539751,-.11148563,10.321655,.080746502,7.9980373,-.05172611,9.4888945,-.21231191,9.5578747,-.10405185,8.9101954,-.16129205,9.3222075,-.21332037,8.880435,-.072674058,8.2866974,-.046543162,9.4731436,-.18666442,9.5481091,-.097656772,10.777083
dic.2020,36936.129,29879.561,3411.46,13610.48,12895.97,7058.8799,10488.18,6747.3101,3737.6101,12823.07,12578.93,46318.68,2020q4,10.516946,10.30493,8.1348953,9.5185957,9.4646702,8.8620415,9.2580042,8.8168993,8.226202,9.4590015,9.4397783,10.7433,-.030680684,10.547626,-.024081515,10.329011,.12792687,8.0069685,.022345101,9.4962502,-.10028385,9.5649538,-.058371469,8.920413,-.070785075,9.3287897,-.067430772,8.8843298,-.071336284,8.2975388,-.013912499,9.4729137,-.11626697,9.5560455,-.038854659,10.782155
mar.2021,38515.48,30795.711,3764.78,13478.19,13583.08,7708.23,11555.62,7080.9399,4416.8501,12592.83,14923.02,48161.852,2021q1,10.558816,10.335131,8.2334452,9.5088282,9.5165806,8.9500437,9.3549271,8.8651619,8.3931818,9.4408827,9.6106606,10.782323,.0031104533,10.555705,-.0013854568,10.336516,.21916054,8.0142851,.0055146688,9.5033131,-.05642391,9.5730047,.018976169,8.9310675,.018976877,9.3359499,-.023658641,8.8888206,.084257603,8.3089247,-.032197833,9.4730806,.046402585,9.5642576,-.0052877916,10.787611
jun.2021,39499.922,32064.189,4141.04,14316.12,13647.39,7468.0098,11077.02,7121.4102,3940.3701,13136.02,14964.17,48697.23,2021q2,10.584054,10.375495,8.328702,9.5691414,9.5213032,8.9183836,9.3126278,8.8708611,8.2790298,9.4831133,9.6134138,10.793378,.020241881,10.563812,.031517021,10.343978,.30913547,8.0195665,.059246927,9.5098944,-.060573496,9.5818768,-.023662509,8.9420462,-.030909549,9.3435373,-.022930017,8.8937912,-.041611161,8.3206406,.0094036032,9.4737101,.04094176,9.5724716,.000015029532,10.793363
sep.2021,42409.949,34792.02,4130.6099,15631.32,15066.22,7686.0898,12153.33,7616.52,4496.3799,12638.12,16105.01,50726.09,2021q3,10.655138,10.457144,8.3261805,9.657032,9.6202106,8.9471674,9.4053583,8.9380751,8.4110279,9.4444733,9.6868858,10.834196,.083365403,10.571773,.10594023,10.351204,.30364886,8.0225315,.14122355,9.5158081,.028824916,9.5913858,-.0060799867,8.9532471,.053948563,9.3514099,.038963135,8.8991117,.078500882,8.3325272,-.030374797,9.4748478,.10644411,9.5804415,.034874648,10.799321
dic.2021,43120.91,34847.23,3675.9099,15392.01,15801.1,8294.5898,12217.59,7586.02,4582.4102,12917.03,17490.98,51627.441,2021q4,10.671763,10.458729,8.2095556,9.6416035,9.6678352,9.0233583,9.4106321,8.934062,8.4299803,9.4663019,9.7694407,10.851809,.092337497,10.579426,.10070913,10.35802,.18646501,8.0230904,.12069596,9.5209074,.066526257,9.6013088,.058803145,8.9645548,.051225021,9.3594074,.029422954,8.9046392,.085585713,8.3443947,-.010246126,9.4765482,.18149391,9.5879469,.046412233,10.805396
mar.2022,42985.711,34655.98,3813.5801,15094.97,15795.15,8356.9902,12192.56,7593.5698,4554.4302,12591.8,16967.51,50985.34,2022q1,10.668623,10.453225,8.2463236,9.622117,9.6674585,9.0308533,9.4085808,8.9350567,8.4238558,9.4408007,9.7390556,10.839293,.081959903,10.586663,.088906042,10.364319,.22497958,8.0213442,.096985169,9.5251322,.056016795,9.6114416,.05500365,8.9758492,.041177936,9.367403,.024803979,8.9102526,.067750804,8.3561049,-.038042367,9.4788427,.14422226,9.5948334,.027774381,10.811519
jun.2022,42247.102,34038.469,3467.8101,14595.4,16034.16,8235.21,12258.13,7650.0698,4564.3501,13001.92,16611.891,51117.699,2022q2,10.651291,10.435246,8.1512785,9.5884619,9.682477,9.0161743,9.4139442,8.9424696,8.4260311,9.4728527,9.7178736,10.841887,.057858132,10.593432,.065188803,10.370058,.13376971,8.0175085,.059964631,9.5284977,.060856082,9.6216211,.029126856,8.9870472,.038641866,9.3753023,.026618028,8.9158516,.058457993,8.3675728,-.0089073274,9.48176,.11681222,9.6010618,.024236074,10.817651
sep.2022,41404.43,33346.891,3080.03,14345.55,15983.8,8083.4902,12496.36,7828.5298,4625.3501,12987.02,15754.91,50674.422,2022q3,10.631144,10.41472,8.0326948,9.5711946,9.6793308,8.9975786,9.4331923,8.9655304,8.4393072,9.4717054,9.6649075,10.833177,.031408601,10.599735,.039472844,10.375247,.020752193,8.0119429,.040114697,9.5310802,.047612403,9.6317186,-.00052128319,8.9981003,.050155368,9.3830366,.044180587,8.9213495,.060551018,8.3787565,-.01359684,9.485302,.058226928,9.6066809,.0094082467,10.823769
dic.2022,40962.328,32527.471,2752.79,13796.74,16049.42,8456.1602,12359.9,7762.9102,4556.3701,13180.99,15346.55,50578.07,2022q4,10.620408,10.38984,7.9203701,9.5321875,9.6834278,9.0426502,9.4222126,8.9571123,8.4242811,9.4865313,9.6386461,10.831273,.014802258,10.605606,.0099016996,10.379938,-.084716633,8.0050869,-.00080632145,9.5329933,.041783605,9.6416445,.033673871,9.008976,.031650912,9.3905621,.030434079,8.9266787,.034633186,8.3896475,-.0029361628,9.4894676,.026832368,9.6118135,.0014070633,10.829866
mar.2023,40608.898,32176.471,2769.4399,13410.32,16090.65,8483.21,12809.22,7755.75,4981.2402,13010.31,14144.09,50842.609,2023q1,10.611742,10.378991,7.9264002,9.5037794,9.6859932,9.0458441,9.4579201,8.9561901,8.5134344,9.4734974,9.5570526,10.83649,.00064101402,10.611101,-.0052183797,10.38421,-.070995137,7.9973955,-.030598201,9.5343781,.034655221,9.6513376,.026198205,9.0196457,.060056623,9.3978634,.024394846,8.9317951,.11315449,8.40028,-.020747237,9.4942446,-.05956769,9.6166201,.00054724776,10.835942
jun.2023,40469.91,32108.221,2532.8101,13485.22,16182.16,8409.7305,12644.9,7737.6699,4844.7798,12812.27,14764.76,51030.711,2023q2,10.608314,10.376867,7.8370848,9.5093498,9.6916647,9.0371447,9.4450092,8.9538555,8.4856567,9.4581585,9.5999985,10.840183,-.0079720197,10.616285,-.011275655,10.388143,-.15218489,7.9892697,-.026019981,9.5353699,.030899147,9.6607656,.0070460802,9.0300989,.040060602,9.4049482,.017177174,8.9366779,.074951358,8.4107056,-.041462731,9.4996214,-.021277707,9.6212759,-.0018142667,10.841997
sep.2023,40305.102,31929.99,2482.6499,13314.91,16231.14,8425.8604,12233.76,7838.4502,4373.21,13022.13,14460.71,51472.191,2023q3,10.604234,10.371301,7.8170819,9.4966402,9.6946869,9.0390606,9.4119549,8.9667969,8.3832521,9.4744053,9.5791903,10.848797,-.016991181,10.621225,-.020517763,10.391818,-.1639847,7.9810667,-.03944939,9.5360899,.02477248,9.6699142,-.0012803742,9.0403414,.00009367946,9.4118614,.02547672,8.9413204,-.037796114,8.4210482,-.031166285,9.5055714,-.046729941,9.6259203,.00076528598,10.848032
dic.2023,40675.199,32116.539,2571.0801,13434.83,16205.41,8616.4004,11992.59,7751.3701,4226.8901,13294.41,14350.16,51599.301,2023q4,10.613374,10.377127,7.8520813,9.5056057,9.6931,9.0614223,9.3920441,8.9556246,8.3492222,9.4950991,9.571516,10.851263,-.012605691,10.625979,-.018182008,10.395308,-.12096671,7.9730482,-.031034268,9.5366402,.014308628,9.678791,.011038424,9.0503836,-.026626125,9.4186707,.0099004498,8.9457245,-.082257159,8.4314795,-.016945053,9.512044,-.059161797,9.6306782,-.0027806088,10.854044
mar.2024,41157.422,32399.961,2586.96,13475.66,16438.289,8818.5898,12162.28,7828.5,4301.3198,13407.92,14321.03,52291.359,2024q1,10.625159,10.385913,7.8582387,9.5086403,9.7073689,9.0846176,9.4060946,8.9655266,8.3666773,9.5036011,9.5694847,10.864587,-.0054396889,10.630599,-.012760612,10.398673,-.10713438,7.965373,-.028458947,9.5370989,.019950211,9.6874189,.024380071,9.0602379,-.019350136,9.4254446,.015616967,8.9499092,-.075468525,8.4421453,-.015366758,9.5189676,-.066160686,9.6356459,.0045534135,10.860033
jun.2024,40838.289,32192.301,2639.24,13428.04,16224.1,8704.7305,12127.87,7709.8901,4381.46,13696.68,14310.32,51919.18,2024q2,10.617375,10.379482,7.8782463,9.5051003,9.694253,9.0716219,9.4032612,8.9502592,8.3851376,9.524909,9.5687361,10.857444,-.01774998,10.635125,-.022479083,10.401961,-.079879202,7.9581256,-.032426085,9.5375261,-.0015745375,9.6958275,.0017030739,9.0699186,-.028975939,9.4322367,-.0036429313,8.9539022,-.068005845,8.4531431,-.001352065,9.5262613,-.07214611,9.6408825,-.0085548982,10.865998
sep.2024,41035.93,32331.92,2617.79,13526.37,16282.66,8763.7402,12143.07,7682.4399,4422.4702,14118.51,14580.57,52773.148,2024q3,10.622203,10.38381,7.8700857,9.5123968,9.6978559,9.0783777,9.4045143,8.9466925,8.394454,9.5552416,9.5874453,10.873757,-.017394297,10.639597,-.021402689,10.405212,-.08123631,7.9513221,-.025565585,9.537962,-.0062056803,9.7040615,-.0010822596,9.0794601,-.034573536,9.4390879,-.011044539,8.957737,-.070066728,8.4645205,.021408934,9.5338326,-.058960918,9.6464062,.0018171249,10.871941
dic.2024,41209.59,32692.939,2767.6299,13613.35,16417.48,8566.7197,12254.08,7722.0498,4492.2002,14423.64,15409.4,53268.371,2024q4,10.626427,10.394915,7.9257464,9.5188065,9.7061024,9.0556402,9.4136143,8.9518347,8.4100981,9.5766239,9.6427326,10.883098,-.017615126,10.644042,-.013539468,10.408454,-.019182991,7.9449296,-.01962184,9.5384283,-.0060613458,9.7121639,-.033254106,9.0888939,-.032404825,9.4460192,-.009612551,8.9614468,-.066185802,8.476284,.035033461,9.5415907,-.0094576152,9.6521902,.0052442779,10.877853
mar.2025,42174.512,33028.941,2860.25,13882.66,16390.189,9214.3203,12516.57,7850.1602,4622.2598,14636.8,15767.56,53829.281,2025q1,10.649571,10.40514,7.9586644,9.5383959,9.7044382,9.1285143,9.4348087,8.9682894,8.4386387,9.5912943,9.6657095,10.893573,.0010955507,10.648476,-.0065585901,10.411698,.01980068,7.9388638,-.00053304737,9.538929,-.015734382,9.7201729,.030259825,9.0982542,-.01822277,9.4530315,.0032304481,8.9650593,-.049756438,8.4883947,.041838478,9.5494556,.0075391131,9.6581707,.0098382011,10.883735
jun.2025,42224.262,33309.539,2860.8301,13931.49,16626.07,8974.2803,12879.44,7875.0298,4946.6602,14588.14,16399.08,53987.672,2025q2,10.65075,10.413599,7.9588671,9.5419073,9.7187271,9.1021185,9.4633875,8.9714527,8.5064678,9.5879641,9.7049809,10.896511,-.002154686,10.652905,-.00135158,10.41495,.025838092,7.9330292,.0024503884,9.5394573,-.0093961768,9.7281237,-.0054337424,9.1075525,.0032820581,9.4601059,.0028605054,8.9685926,.005692407,8.5007753,.030592138,9.5573721,.04070412,9.6642771,.0069273575,10.889584
sep.2025,42148.828,33272.34,2848.3501,13856.28,16680.51,8935.0898,13315.1,7827.7002,5408.6099,14154.75,16373.32,53808.43,2025q3,10.648962,10.412481,7.9544954,9.5364943,9.7219963,9.0977411,9.4966536,8.9654236,8.595747,9.5578051,9.7034082,10.893186,-.0083729653,10.657335,-.0057295412,10.418211,.027153861,7.9273415,-.0035103185,9.5400047,-.014044704,9.7360411,-.019077256,9.1168184,.029443681,9.4672098,-.0066456138,8.9720688,.082432427,8.5133142,-.0075030713,9.5653086,.032964136,9.6704445,-.0022210234,10.895407
dic.2025,42329.07,33572.66,2850.9299,13985.21,16848.42,8809.1904,13435.14,7817.1602,5533.5498,14934.37,16379.83,54086.68,2025q4,10.65323,10.421468,7.9554005,9.5457554,9.7320118,9.0835505,9.5056286,8.964077,8.6185846,9.6114206,9.7038059,10.898343,-.0085414546,10.661771,-.00001116138,10.421479,.033666406,7.9217339,.005189674,9.5405655,-.011933294,9.7439451,-.042529803,9.1260805,.031312715,9.4743156,-.011436816,8.9755135,.092678651,8.5259056,.038167708,9.5732527,.027173162,9.6766329,-.0028705311,10.901214
mar.2026,43274.449,33895.148,2873.3799,14035.25,17101.07,9444.6201,12926.01,7775.7402,5084.5498,14313.65,16095.03,53943.699,2026q1,10.675318,10.431027,7.9632444,9.5493269,9.7468967,9.1532001,9.4669971,8.9587641,8.5339613,9.5689688,9.6862659,10.895697,.009104724,10.666213,.0062764538,10.424751,.047088455,7.9161558,.0081949234,9.541132,-.0049493299,9.7518463,.017846862,9.1353531,-.014415709,9.4814129,-.020181738,8.9789457,-.0045332662,8.5384941,-.012221304,9.5811901,.0034423745,9.6828232,-.011316882,10.907014
